{
  "project_info": {
    "project_number": "114930691434",
    "project_id": "app-chat-dcae5",
    "storage_bucket": "app-chat-dcae5.appspot.com"
  },
  "client": [
    {
      "client_info": {
        "mobilesdk_app_id": "1:114930691434:android:d297225a5b55813a3d4913",
        "android_client_info": {
          "package_name": "com.example.appchat"
        }
      },
      "oauth_client": [],
      "api_key": [
        {
          "current_key": "AIzaSyAJPvd-6iKG_4e5JZ-Wuu0I6hRpl-ZNxBA"
        }
      ],
      "services": {
        "appinvite_service": {
          "other_platform_oauth_client": []
        }
      }
    }
  ],
  "configuration_version": "1"
}